,% of white citers,% of black citers,% of white officers,% of black officers,Year
0,0.008005604834838448,0.025142793728520248,0.013595856408311974,0.016183867227553262,2016
1,0.01288188406061291,0.04306064673045422,0.016193500481855378,0.03699169652012175,2017
2,0.014942410325449306,0.053151977648655424,0.01868929871521454,0.055710094219981084,2018
3,0.011131076375085472,0.04393262037741376,0.013007744335363718,0.049085211656246235,2019
