,Model,val_auc_score
0,BERT,0.908827304840088
0,LSTM,0.867334293460814
0,Random Forest,0.7778975171643089
0,Logistic Regression,0.8197454517732923
0,SVM,0.8610958677490355
